Workbook

Sheet List of Holidays
A1: Date | B1: Holiday Name | C1: Holiday Category | D1: Code
A2: 44978 | B2: International Mother Language Day | C2: National holiday | D2: =VLOOKUP(C2,'Holiday Code'!$A$1:$B$99,2,FALSE()) -> 01
A3: 44993 | B3: Shab-e-Barat | C3: Muslim holiday | D3: =VLOOKUP(C3,'Holiday Code'!$A$1:$B$99,2,FALSE()) -> 03
A4: 45002 | B4: Sheikh Mujibur Rahman’s birthday | C4: National holiday | D4: =VLOOKUP(C4,'Holiday Code'!$A$1:$B$99,2,FALSE()) -> 01
A5: 45011 | B5: Independence Day | C5: National holiday | D5: =VLOOKUP(C5,'Holiday Code'!$A$1:$B$99,2,FALSE()) -> 01
A6: 45030 | B6: Bengali New Year | C6: Bengali new year | D6: =VLOOKUP(C6,'Holiday Code'!$A$1:$B$99,2,FALSE()) -> 02
A7: 45035 | B7: Shab-e-Qadr | C7: Muslim holiday | D7: =VLOOKUP(C7,'Holiday Code'!$A$1:$B$99,2,FALSE()) -> 03
A8: 45036 | B8: Eid al-Fitr Holiday | C8: Other | D8: =VLOOKUP(C8,'Holiday Code'!$A$1:$B$99,2,FALSE()) -> 12
A9: 45037 | B9: Jumatul Bidah | C9: Jummatul bidah | D9: =VLOOKUP(C9,'Holiday Code'!$A$1:$B$99,2,FALSE()) -> 04
A10: 45038 | B10: Eid al-Fitr | C10: Eidul fitr | D10: =VLOOKUP(C10,'Holiday Code'!$A$1:$B$99,2,FALSE()) -> 05
A11: 45039 | B11: Eid al-Fitr Holiday | C11: Eidul fitr | D11: =VLOOKUP(C11,'Holiday Code'!$A$1:$B$99,2,FALSE()) -> 05
A12: 45047 | B12: Labour Day | C12: National holiday | D12: =VLOOKUP(C12,'Holiday Code'!$A$1:$B$99,2,FALSE()) -> 01
A13: 45050 | B13: Buddha Purnima | C13: Buddhist holiday | D13: =VLOOKUP(C13,'Holiday Code'!$A$1:$B$99,2,FALSE()) -> 08
... A86: 46016 | B86: Christmas Day | C86: Christian holiday | D86: =VLOOKUP(C86,'Holiday Code'!$A$1:$B$99,2,FALSE()) -> 09

Sheet Holiday Code
A1: Holiday Category | B1: Code
A2: National holiday | B2: 01
A3: Bengali new year | B3: 02
A4: Muslim holiday | B4: 03
A5: Jummatul bidah | B5: 04
A6: Eidul fitr | B6: 05
A7: Eidul azha | B7: 06
A8: Hindu holiday | B8: 07
A9: Buddhist holiday | B9: 08
A10: Christian holiday | B10: 09
A11: Bank Holiday | B11: 10
A12: National polls | B12: 11
A13: Other | B13: 12
